Key,File,Type,UsedInMainMenu,NoTranslate,KeepLoaded,english,Context / Alternate Text,german,spanish,french,italian,japanese,koreana,polish,brazilian,russian,turkish,schinese,tchinese
wrenchModSettingsTab,UI,XUi OptionsMenu,x,,,Mod Settings,,,,,,,,,,,,,
wrenchServerNote,UI,XUi OptionsMenu,x,,,Joined to a server: edits change only your local copy. Server-owned values must be changed on the server (console/telnet).,,,,,,,,,,,,,
wrenchNoMods,UI,XUi OptionsMenu,x,,,"No installed mod ships a Config/<Mod>.toml settings file, so there is nothing to edit here.",,,,,,,,,,,,,
wrenchNoSettings,UI,XUi OptionsMenu,x,,,"This mod's settings file has no keys in it, so there is nothing to edit here.",,,,,,,,,,,,,
wrenchSettingsUnreadable,UI,XUi OptionsMenu,x,,,"This mod's settings file could not be read, so its settings cannot be edited here. The status line below says why.",,,,,,,,,,,,,
wrenchNoteUnreadable,UI,XUi OptionsMenu,x,,,unreadable,Short lowercase note under a mod whose settings file could not be parsed,,,,,,,,,,,,
wrenchNoteLive,UI,XUi OptionsMenu,x,,,applies live,Short lowercase note under a mod that re-reads its file on save,,,,,,,,,,,,
wrenchNoteRestart,UI,XUi OptionsMenu,x,,,restart required,Short lowercase note under a mod that only reads its file at startup,,,,,,,,,,,,
wrenchNoComment,UI,XUi OptionsMenu,x,,,(no comment in the settings file),Shown as the description when a setting has no comment above it in the TOML file,,,,,,,,,,,,
wrenchAppliesAfterRestart,UI,XUi OptionsMenu,x,,,restart,Single word shown beside a setting that only takes effect after a restart,,,,,,,,,,,,
wrenchStatusUnreadable,UI,XUi OptionsMenu,x,,,"Unreadable, not editable: $1",$1 is the parse error reported by the mod's own reader,,,,,,,,,,,,
wrenchStatusSavedWaiting,UI,XUi OptionsMenu,x,,,Saved. Waiting for the mod to re-read the file...,,,,,,,,,,,,,
wrenchStatusSavedRestart,UI,XUi OptionsMenu,x,,,Saved. Takes effect after a restart.,,,,,,,,,,,,,
wrenchStatusAppliedLive,UI,XUi OptionsMenu,x,,,Saved. The mod re-read the file and applied it.,,,,,,,,,,,,,
wrenchStatusUnconfirmed,UI,XUi OptionsMenu,x,,,"Saved, but the mod has not re-read the file yet. If the change does not take effect, restart the game.",,,,,,,,,,,,,
wrenchStatusSaveFailed,UI,XUi OptionsMenu,x,,,Save failed: $1,$1 is the reason the write was refused,,,,,,,,,,,,
wrenchStatusLiveHint,UI,XUi OptionsMenu,x,,,Edits apply live: the mod re-reads the file on save.,,,,,,,,,,,,,
wrenchStatusRestartHint,UI,XUi OptionsMenu,x,,,Edits take effect after a restart.,,,,,,,,,,,,,
